time,x,z,mag,evid,tempid,reloc
2018-01-01T04:53:17.807000Z,0.587504440633,1.04841888902,3.2,6724,SGC2018yyczk_55024,1
2018-01-03T08:05:15.926000Z,0.216926536206,0.759531846384,3.69,6796,SGC2018yyczk_46457,1
2018-01-03T18:58:22.461000Z,3.33254853799,4.13941061058,3.7,6804,SGC2018yyczk_51041,1
2018-01-04T10:57:44.758000Z,0.371084244481,0.655610127156,3.25,6823,SGC2018yyczk_47863,1
2018-01-07T17:05:06.642000Z,0.196925719745,0.573170356628,3.48,6880,SGC2018yyczk_34942,1
2018-01-10T10:30:49.366000Z,0.156984152855,1.17776460359,3.09,6935,SGC2018yyczk_34942,1
2018-01-17T04:19:32.592000Z,0.0912038742513,0.95774587914,3.1,7051,SGC2018yyczk_55024,1
2018-01-27T10:48:51.550000Z,0.266509825726,0.781570981479,3.29,7264,SGC2018yyczk_55024,1
2018-02-03T15:36:06.338000Z,0.242392745301,0.527384092094,3.45,7397,SGC2018yyczk_34942,1
2018-02-06T00:56:04.845000Z,0.41173887704,0.365715722611,3.18,7437,SGC2018yyczk_51041,1
2018-02-08T19:09:29.641000Z,0.258281500236,0.938687342327,3.01,7502,SGC2018yyczk_53066,1
2018-02-11T15:30:35.756000Z,0.284656871318,0.628894768862,3.07,7578,SGC2018yyczk_47863,1
2018-02-13T07:09:43.252000Z,0.192889378768,0.757687915376,3.62,7616,SGC2018yyczk_45482,1
2018-02-14T00:16:07.869000Z,0.0704309438809,0.476928670927,3.42,7626,SGC2018yyczk_34942,1
2018-02-17T08:55:01.815000Z,0.113940294492,0.562248972238,3.42,7690,SGC2018yyczk_34942,1
2018-02-19T10:12:13.498000Z,0.242392745301,0.527384092094,3.23,7737,SGC2018yyczk_34942,1
2018-02-20T17:55:38.236000Z,0.414795141726,0.310952815682,3.75,7763,SGC2018yyczk_51041,1
2018-02-23T12:44:58.618000Z,0.301302369314,0.889474468113,3.16,7830,SGC2018yyczk_47863,1
2018-03-01T10:27:03.170000Z,0.154052109505,1.08315247365,3.86,7976,SGC2018yyczk_55024,1
2018-03-01T23:48:44.343000Z,0.066281623811,0.457143357617,3.42,7995,SGC2018yyczk_34942,1
2018-03-03T14:58:37.658000Z,0.295641665016,0.96262363368,3.41,8036,SGC2018yyczk_51041,1
2018-03-09T04:02:18.710000Z,0.328673529812,0.898455613818,3.61,8190,SGC2018yyczk_53066,1
2018-03-09T12:05:16.781000Z,0.12549542775,0.560875171443,3.77,8200,SGC2018yyczk_34942,1
2018-03-09T16:51:42.049000Z,0.269419224294,0.545804002154,3.32,8205,SGC2018yyczk_34942,1
2018-03-15T17:54:07.727000Z,0.189333390781,0.874037838739,3.24,8361,SGC2018yyczk_56808,1
2018-03-19T02:40:06.162000Z,0.223983824392,0.477098526874,3.3,8460,SGC2018yyczk_45482,1
2018-03-20T01:51:51.124000Z,0.0533683118414,0.520581423125,3.17,8488,SGC2018yyczk_34942,1
2018-03-22T16:11:25.723000Z,0.135397661447,0.802313349164,3.52,8559,SGC2018yyczk_46457,1
2018-03-28T14:09:33.549000Z,0.0970114111915,0.504782220848,4.0,8746,SGC2018yyczk_34942,1
2018-04-05T02:45:47.896000Z,0.201415911171,0.741273640744,3.14,9014,SGC2018yyczk_56808,1
2018-04-08T18:37:58.314000Z,0.326337512425,0.935563106649,3.54,9138,SGC2018yyczk_67417,1
2018-04-15T06:01:51.338000Z,0.308993296588,0.770929886386,3.69,9341,SGC2018yyczk_69884,1
2018-04-17T10:04:46.500000Z,1.38767867315,-0.393319463704,3.35,9414,SGC2018yyczk_61409,1
2018-04-17T14:54:02.109000Z,0.269419224294,0.545804002154,3.12,9416,SGC2018yyczk_34942,1
2018-04-23T23:29:16.253000Z,0.287140526505,0.600689441716,4.11,9603,SGC2018yyczk_53066,1
2018-04-29T15:35:31.674000Z,0.187831872758,0.636515887266,3.23,9771,SGC2018yyczk_34942,1
2018-04-29T23:25:29.784000Z,0.104399154048,0.981849998912,3.81,9786,SGC2018yyczk_55024,1
2018-05-01T19:49:14.218000Z,0.285816311313,0.909049013852,3.19,9840,SGC2018yyczk_51041,1
2018-05-04T21:38:37.829000Z,2.0405450615,-0.461715061922,3.28,9912,SGC2018yyczk_51041,1
2018-05-05T05:24:51.377000Z,4.16085788922,-1.05874232514,3.13,9928,SGC2018yyczk_34942,1
2018-05-07T08:10:45.595000Z,0.296967183185,0.599830583572,3.84,9991,SGC2018yyczk_55024,1
2018-05-11T01:04:21.224000Z,0.290059952595,0.748542842068,3.55,10090,SGC2018yyczk_55024,1
2018-05-14T08:15:09.449000Z,0.198620241626,0.572542954239,3.01,10174,SGC2018yyczk_46457,1
2018-05-15T21:15:06.651000Z,2.14603086686,1.03323188323,3.53,10206,SGC2018yyczk_46457,1
2018-05-18T13:36:23.220000Z,0.12389624998,0.880087093975,4.01,10275,SGC2018yyczk_55024,1
2018-05-20T11:18:01.277000Z,0.377278074701,0.761574050947,4.78,10340,SGC2018yyczk_56808,1
2018-05-22T23:31:00.736000Z,0.284656871318,0.628894768862,3.12,10398,SGC2018yyczk_47863,1
2018-06-04T03:04:01.076000Z,0.293606617293,0.926357885679,3.16,10689,SGC2018yyczk_46457,1
2018-06-05T18:21:14.416000Z,0.160515550747,0.925737830966,3.01,10742,SGC2018yyczk_55024,1
2018-06-05T20:51:12.680000Z,0.184677435892,0.649633473062,3.05,10744,SGC2018yyczk_45482,1
2018-06-05T21:07:44.225000Z,0.216898514061,0.56681422408,3.68,10747,SGC2018yyczk_46457,1
2018-06-06T04:58:45.909000Z,0.1247863258,0.543322737996,3.01,10754,SGC2018yyczk_34942,1
2018-06-07T09:09:01.977000Z,0.109486299293,0.905454272795,4.02,10787,SGC2018yyczk_53066,1
2018-06-08T05:18:24.837000Z,0.207595198074,0.736293533316,3.85,10807,SGC2018yyczk_45482,1
2018-06-09T21:17:52.687000Z,0.33579702725,0.500605886189,4.11,10855,SGC2018yyczk_56808,1
2018-06-15T21:25:56.917000Z,0.195517863191,0.701615055912,3.21,11019,SGC2018yyczk_46457,1
2018-06-16T11:28:01.016000Z,0.0678140499066,1.05496134982,3.13,11040,SGC2018yyczk_55024,1
2018-06-19T16:27:26.608000Z,0.318209013033,0.373261262056,4.0,11133,SGC2018yyczk_34942,1
2018-06-21T08:47:09.399000Z,0.305221862148,0.920295371969,3.36,11194,SGC2018yyczk_53066,1
2018-06-23T00:06:49.020000Z,0.884737977758,0.126234944005,3.77,11243,SGC2018yyczk_67417,1
2018-06-29T12:08:48.406000Z,0.16181354313,0.813414979481,3.5,11434,SGC2018yyczk_56808,1
2018-06-30T06:49:57.387000Z,0.186674643933,0.542483717245,3.11,11452,SGC2018yyczk_46457,1
2018-07-02T21:21:37.519000Z,0.198022852209,0.867852111112,3.22,11531,SGC2018yyczk_56808,1
2018-07-03T22:33:49.538000Z,0.399844991381,0.262223895535,3.22,11562,SGC2018yyczk_51041,1
2018-07-05T22:17:53.563000Z,0.0342904854019,0.284825318266,3.39,11615,SGC2018yyczk_57470,1
2018-07-07T17:30:23.417000Z,0.127313826538,0.520738876831,3.6,11675,SGC2018yyczk_34942,1
2018-07-07T18:38:03.146000Z,0.111163837165,0.563792468158,3.94,11681,SGC2018yyczk_34942,1
2018-07-07T19:06:59.132000Z,0.155297411073,0.814329168052,3.11,11684,SGC2018yyczk_56808,1
2018-07-08T13:04:45.632000Z,0.198463361694,0.678697411196,3.09,11707,SGC2018yyczk_46457,1
2018-07-10T11:51:37.485000Z,0.259861917595,1.26538219727,3.56,11753,SGC2018yyczk_45482,1
2018-07-16T09:36:36.833000Z,0.168885688818,0.934091288871,3.6,11916,SGC2018yyczk_55024,1
2018-07-19T21:47:49.203000Z,0.194322608209,0.645331626813,3.14,12047,SGC2018yyczk_46457,1
2018-07-20T06:35:57.045000Z,0.31392789815,0.684643901264,3.13,12057,SGC2018yyczk_47863,1
2018-07-20T14:36:25.311000Z,2.04011299189,0.886094992844,3.03,12070,SGC2018yyczk_56808,1
2018-07-21T23:20:00.531000Z,0.0619690490504,1.09367469301,3.34,12110,SGC2018yyczk_55024,1
2018-07-22T16:46:57.958000Z,0.360774329414,0.918825406772,3.04,12138,SGC2018yyczk_53066,1
2018-07-30T13:20:52.572000Z,0.227230005294,0.509323823097,3.39,12361,SGC2018yyczk_46457,1
2018-07-31T02:11:42.332000Z,0.304630104864,0.457979287986,3.07,12374,SGC2018yyczk_34942,1
2018-08-01T03:55:55.733000Z,0.152443106877,0.737092284333,3.42,12407,SGC2018yyczk_46457,1
2018-08-01T07:59:01.082000Z,0.244981877856,1.18983615861,3.06,12419,SGC2018yyczk_67417,1
2018-08-06T23:04:17.266000Z,0.115276201057,0.525825968467,3.55,12554,SGC2018yyczk_45482,1
2018-08-10T23:00:35.805000Z,0.35840656999,0.714092133947,3.12,12676,SGC2018yyczk_34942,1
2018-08-14T09:19:54.962000Z,0.192652773835,0.626556793344,3.03,12767,SGC2018yyczk_45482,1
2018-08-20T13:38:05.905000Z,2.39521751899,0.530397834846,3.12,12906,SGC2018yyczk_45482,1
2018-08-24T18:39:22.058000Z,0.0738196762093,0.342276728993,3.25,13020,SGC2018yyczk_34942,1
2018-08-26T22:55:33.340000Z,0.158589244877,0.494162501803,3.23,13086,SGC2018yyczk_34942,1
2018-08-31T03:32:45.659000Z,0.198346093765,1.00755258197,3.19,13223,SGC2018yyczk_61409,1
2018-08-31T18:22:16.558000Z,0.128190028702,0.514809595272,3.59,13242,SGC2018yyczk_34942,1
2018-09-01T05:08:01.571000Z,0.043187800636,0.307513637497,3.83,13256,SGC2018yyczk_34942,1
2018-09-06T15:12:47.593000Z,0.503833812638,0.20757930992,3.52,13419,SGC2018yyczk_51041,1
2018-09-06T16:29:34.412000Z,0.340957843476,0.940013151687,3.43,13422,SGC2018yyczk_69982,1
2018-09-06T19:41:10.215000Z,0.35840656999,0.714092133947,3.04,13428,SGC2018yyczk_34942,1
2018-09-08T08:55:44.322000Z,6.49026881334,1.53757746385,3.13,13476,SGC2018yyczk_61409,1
2018-09-10T00:56:29.170000Z,0.151037732267,1.05114431501,3.03,13534,SGC2018yyczk_45482,1
2018-09-14T08:35:25.194000Z,0.206718211021,0.566858711714,3.37,13682,SGC2018yyczk_46457,1
2018-09-17T13:34:24.151000Z,0.19224889553,0.530475977677,3.62,13775,SGC2018yyczk_46457,1
2018-09-23T21:23:21.884000Z,2.0134489403,0.644240355253,3.35,13984,SGC2018yyczk_69884,1
2018-09-24T13:40:24.416000Z,0.192818638999,0.880204525104,3.27,14019,SGC2018yyczk_55024,1
2018-09-24T18:06:16.591000Z,0.13335255081,1.01369451421,3.14,14025,SGC2018yyczk_55024,1
2018-09-27T13:57:21.476000Z,0.15326399866,0.51914850927,3.28,14124,SGC2018yyczk_46457,1
2018-10-03T01:39:03.051000Z,0.13335255081,1.01369451421,3.0,14334,SGC2018yyczk_55024,1
2018-10-03T03:15:03.825000Z,0.35840656999,0.714092133947,3.02,14336,SGC2018yyczk_51041,1
2018-10-03T05:54:22.296000Z,0.0896713383451,0.474654401534,3.31,14350,SGC2018yyczk_34942,1
2018-10-03T17:52:03.787000Z,0.147032080367,1.09301148708,3.12,14372,SGC2018yyczk_55024,1
2018-10-07T02:54:38.179000Z,0.244413587,0.491571568754,3.25,14469,SGC2018yyczk_34942,1
2018-10-07T04:20:31.839000Z,0.0889375299659,0.391248250647,3.37,14472,SGC2018yyczk_51041,1
2018-10-08T14:46:05.088000Z,2.73570043121,0.402276101589,3.73,14515,SGC2018yyczk_46457,1
2018-10-10T02:47:48.226000Z,0.115276201057,0.525825968467,3.76,14559,SGC2018yyczk_45482,1
2018-10-10T15:57:02.416000Z,0.153605748945,0.835355493959,3.05,14580,SGC2018yyczk_55024,1
2018-10-12T04:46:25.116000Z,0.201501759062,0.551560956284,3.01,14629,SGC2018yyczk_46457,1
2018-10-12T10:12:51.821000Z,0.970710316687,0.625433488601,3.43,14642,SGC2018yyczk_55024,1
2018-10-12T10:30:27.311000Z,0.404977290274,-0.204788657019,3.12,14643,SGC2018yyczk_51041,1
2018-10-15T02:02:55.997000Z,0.320028161881,0.65976900299,3.9,14736,SGC2018yyczk_53066,1
2018-10-17T22:54:19.816000Z,0.183865204588,0.52531718921,3.04,14833,SGC2018yyczk_46457,1
2018-10-20T09:18:21.212000Z,0.266288427367,1.1144141464,3.3,14908,SGC2018yyczk_67417,1
2018-10-21T22:52:17.306000Z,0.192818638999,0.880204525104,3.53,14965,SGC2018yyczk_55024,1
2018-10-24T16:13:34.632000Z,1.0694408041,-0.438054020654,3.21,15050,SGC2018yyczk_46457,1
2018-10-24T19:46:53.198000Z,0.205743574998,0.973774929644,3.04,15055,SGC2018yyczk_55024,1
2018-10-25T00:10:32.447000Z,0.184406295004,0.423171119347,3.12,15061,SGC2018yyczk_51041,1
2018-10-27T22:17:44.502000Z,0.140587619475,0.933248137695,3.44,15139,SGC2018yyczk_53066,1
2018-10-29T08:57:59.540000Z,0.224876565394,0.552541788261,3.66,15190,SGC2018yyczk_45482,1
2018-11-02T15:12:06.965000Z,0.35840656999,0.714092133947,3.05,15333,SGC2018yyczk_34942,1
2018-11-03T17:40:00.865000Z,0.228564646271,0.574131827979,3.29,15362,SGC2018yyczk_46457,1
2018-11-04T17:14:13.162000Z,0.0370753362567,0.293808402885,3.32,15402,SGC2018yyczk_34942,1
2018-11-05T21:41:22.251000Z,0.196262298506,0.472551322227,3.15,15439,SGC2018yyczk_34942,1
2018-11-06T09:52:32.259000Z,0.275591839209,0.396988532256,3.83,15466,SGC2018yyczk_34942,1
2018-11-07T14:07:41.441000Z,0.143322363426,0.952672760074,3.39,15504,SGC2018yyczk_53066,1
2018-11-10T01:54:49.619000Z,0.244413587,0.491571568754,3.24,15585,SGC2018yyczk_34942,1
2018-11-12T13:35:12.110000Z,0.181185762572,0.803369134617,3.2,15663,SGC2018yyczk_56808,1
2018-11-15T01:28:33.111000Z,0.13439795349,1.01108327569,3.18,15752,SGC2018yyczk_55024,1
2018-11-15T02:51:41.939000Z,0.484781443462,0.323351908819,3.86,15756,SGC2018yyczk_51041,1
2018-11-15T20:29:11.699000Z,0.851900437841,0.967664717629,3.86,15791,SGC2018yyczk_62486,1
2018-11-17T15:15:16.527000Z,0.196050758575,0.526043123601,3.06,15852,SGC2018yyczk_46457,1
2018-11-17T23:48:40.552000Z,0.112561603129,0.449802071311,3.17,15863,SGC2018yyczk_34942,1
2018-11-18T03:21:42.972000Z,0.173006719059,1.34480597826,3.09,15869,SGC2018yyczk_56808,1
2018-11-20T07:35:49.830000Z,0.186949133217,0.917404980352,3.31,15955,SGC2018yyczk_55024,1
2018-11-22T00:53:42.004000Z,0.407018781465,1.10409383012,3.14,16013,SGC2018yyczk_53066,1
2018-11-22T03:26:13.394000Z,0.272380853824,0.841566669098,3.68,16020,SGC2018yyczk_34942,1
2018-11-24T08:29:39.678000Z,0.0340299045707,0.457029540753,3.1,16096,SGC2018yyczk_51041,1
2018-11-24T09:29:20.680000Z,0.164193407203,0.809357211011,3.03,16099,SGC2018yyczk_56808,1
2018-11-24T14:18:23.327000Z,0.179186625457,0.505669398159,3.17,16108,SGC2018yyczk_46457,1
2018-11-27T08:15:19.254000Z,0.172379095748,0.549406144408,3.06,16182,SGC2018yyczk_46457,1
2018-11-28T21:12:03.587000Z,0.181873123555,0.423706877051,3.38,16230,SGC2018yyczk_34942,1
2018-11-29T05:32:15.572000Z,0.274965776996,1.08063517634,4.47,16247,SGC2018yyczk_67417,1
2018-11-30T07:43:29.358000Z,0.170757503371,0.442049164216,3.73,16286,SGC2018yyczk_34942,1
2018-11-30T07:47:01.886000Z,0.118576298363,0.479145748627,4.06,16289,SGC2018yyczk_45482,1
2018-12-03T01:36:36.846000Z,0.176115844719,0.451204327967,3.02,16376,SGC2018yyczk_34942,1
2018-12-06T07:35:03.266000Z,0.193833270128,0.849042559948,3.08,16502,SGC2018yyczk_55024,1
2018-12-09T05:34:31.178000Z,0.212672630922,0.53651809844,3.89,16580,SGC2018yyczk_45482,1
2018-12-09T23:29:08.494000Z,0.205985844816,0.772620959913,3.19,16611,SGC2018yyczk_46457,1
2018-12-10T11:56:35.720000Z,0.186949133217,0.917404980352,3.35,16634,SGC2018yyczk_55024,1
2018-12-11T00:49:57.307000Z,0.24657098365,0.82749321865,3.23,16652,SGC2018yyczk_55024,1
2018-12-13T05:09:39.939000Z,0.226071748722,0.653252823826,3.05,16708,SGC2018yyczk_46457,1
2018-12-19T21:37:05.880000Z,1.49128938711,-0.817433693706,3.56,16946,SGC2018yyczk_67192,1
2018-12-20T14:46:28.525000Z,0.234750591204,0.794758093302,3.32,16972,SGC2018yyczk_55024,1
2018-12-21T01:52:55.726000Z,0.2143828219,0.904376068005,3.09,16992,SGC2018yyczk_55024,1
2018-12-21T15:48:28.961000Z,0.273907770816,0.568100812433,4.27,17012,SGC2018yyczk_46457,1
2018-12-23T18:16:38.225000Z,0.199755647975,0.978074551568,3.13,17077,SGC2018yyczk_55024,1
2018-12-25T23:54:23.877000Z,0.104167230198,0.605275959144,3.04,17169,SGC2018yyczk_51041,1
2018-12-30T04:43:31.105000Z,0.208586024909,0.717357440521,3.63,17293,SGC2018yyczk_46457,1
2018-12-30T19:23:35.021000Z,0.328329512423,1.0978093222,3.97,17312,SGC2018yyczk_67417,1
2019-01-03T05:43:36.031000Z,0.325495354765,1.02754389054,3.57,17436,SGC2018yyczk_53066,1
2019-01-03T14:23:20.824000Z,0.161852094169,0.883312300324,3.37,17455,SGC2018yyczk_53066,1
2019-01-03T16:14:58.322000Z,0.167846568231,0.449470495678,3.28,17461,SGC2018yyczk_34942,1
2019-01-04T01:27:06.082000Z,0.0104639312551,0.3610018082,3.53,17475,SGC2018yyczk_34942,1
2019-01-05T20:58:24.688000Z,0.257276900359,0.723182763769,3.88,17532,SGC2018yyczk_56808,1
2019-01-08T05:18:30.614000Z,0.368682823239,0.943709394841,3.36,17604,SGC2018yyczk_69982,1
2019-01-08T21:26:42.205000Z,0.174205656279,0.403171892282,3.04,17619,SGC2018yyczk_51041,1
2019-01-11T11:19:18.094000Z,0.105245187771,0.307131663433,3.02,17703,SGC2018yyczk_34942,1
2019-01-12T02:21:53.540000Z,0.274069133139,-0.858646539689,3.2,17721,SGC2018yyczk_67192,1
2019-01-12T14:00:33.208000Z,2.0359935456,1.01029487034,3.06,17741,SGC2018yyczk_53066,1
2019-01-13T10:48:30.607000Z,0.311344053015,0.607660492378,3.07,17766,SGC2018yyczk_46457,1
2019-01-16T18:54:24.219000Z,0.244413587,0.491571568754,3.63,17884,SGC2018yyczk_34942,1
2019-01-18T18:32:50.122000Z,0.326026192508,0.730333325554,3.06,17933,SGC2018yyczk_53066,1
2019-01-20T10:53:10.955000Z,0.205618049032,0.893954247349,3.3,17986,SGC2018yyczk_55024,1
2019-01-20T14:34:30.466000Z,0.176994238529,0.844423906767,3.24,17993,SGC2018yyczk_55024,1
2019-01-21T13:45:46.153000Z,0.243563721844,0.391503720194,3.28,18022,SGC2018yyczk_34942,1
2019-01-22T15:01:10.030000Z,0.31002317974,1.21524996191,3.88,18050,SGC2018yyczk_67417,1
2019-01-24T03:05:17.221000Z,0.303633067525,0.520249139976,5.24,18094,SGC2018yyczk_47863,1
2019-01-24T21:00:54.127000Z,0.14939119889,0.569496961496,3.05,18145,SGC2018yyczk_45482,1
2019-01-25T11:14:41.771000Z,0.345898139515,0.742359162677,3.29,18177,SGC2018yyczk_53066,1
2019-02-01T21:33:42.127000Z,0.1988754932,0.343082780747,3.28,18387,SGC2018yyczk_51041,1
2019-02-02T14:03:40.708000Z,0.366701504408,0.881551991622,3.17,18403,SGC2018yyczk_53066,1
2019-02-04T21:15:45.705000Z,0.215591969912,0.36691763993,3.01,18452,SGC2018yyczk_51041,1
2019-02-07T14:33:52.870000Z,0.225228931216,0.738862953622,3.39,18543,SGC2018yyczk_56808,1
2019-02-12T16:23:06.994000Z,0.178705844137,0.423626282922,3.05,18664,SGC2018yyczk_34942,1
2019-02-18T07:15:57.712000Z,0.205226406265,0.401869343225,3.23,18821,SGC2018yyczk_51041,1
2019-02-19T12:31:53.893000Z,0.227194106289,0.516975441297,3.07,18865,SGC2018yyczk_46457,1
2019-02-23T02:14:11.143000Z,2.32868362095,-0.330424424701,3.46,18967,SGC2018yyczk_47863,1
2019-02-23T03:52:25.711000Z,0.119511888414,0.411351935777,3.18,18971,SGC2018yyczk_34942,1
2019-02-23T11:55:14.531000Z,0.357645914942,1.07887835389,3.38,18986,SGC2018yyczk_67417,1
2019-02-24T17:53:32.155000Z,0.334174871614,1.26417960955,3.43,19012,SGC2018yyczk_67417,1
2019-02-25T14:25:53.107000Z,0.248383693258,0.787259353289,3.39,19044,SGC2018yyczk_55024,1
2019-02-27T12:03:26.240000Z,0.181256165046,0.457198259358,3.23,19102,SGC2018yyczk_46457,1
2019-03-05T14:50:41.077000Z,0.218329800237,0.340195575849,3.58,19291,SGC2018yyczk_51041,1
2019-03-05T15:56:44.857000Z,0.247823790425,0.8907072253,3.12,19293,SGC2018yyczk_55024,1
2019-03-05T17:52:55.261000Z,0.371395033973,0.555671062098,4.23,19299,SGC2018yyczk_53066,1
2019-03-07T08:17:45.105000Z,0.241808426152,0.770184986101,3.3,19333,SGC2018yyczk_55024,1
2019-03-08T04:32:23.351000Z,0.377782144088,1.28132348206,3.98,19351,SGC2018yyczk_56808,1
2019-03-09T06:11:05.967000Z,0.165661286819,0.918148264247,3.13,19378,SGC2018yyczk_55024,1
2019-03-10T16:15:26.778000Z,0.217671906574,0.498648653337,3.13,19432,SGC2018yyczk_46457,1
2019-03-18T12:47:59.985000Z,0.218383564203,0.896511655846,3.29,19695,SGC2018yyczk_55024,1
2019-03-19T06:08:23.841000Z,0.207211560518,1.04227770027,3.07,19715,SGC2018yyczk_55024,1
2019-03-20T04:07:55.885000Z,0.190543109056,0.381979253625,3.12,19752,SGC2018yyczk_34942,1
2019-03-21T15:44:32.315000Z,0.149193610383,0.404231466949,3.89,19796,SGC2018yyczk_34942,1
2019-03-23T03:16:15.102000Z,0.209467528101,0.410777759778,3.73,19850,SGC2018yyczk_46457,1
2019-03-24T06:50:02.881000Z,0.127846846766,1.03176202701,3.76,19891,SGC2018yyczk_53066,1
2019-03-27T14:34:59.820000Z,0.220687076365,0.959886850755,3.01,20007,SGC2018yyczk_55024,1
2019-03-28T03:48:48.371000Z,0.233171208379,0.4794810818,3.6,20029,SGC2018yyczk_46457,1
2019-03-28T20:43:18.110000Z,0.161918679217,0.753222958361,3.8,20056,SGC2018yyczk_53066,1
2019-03-30T14:25:18.269000Z,0.313819632094,1.10904612358,3.15,20112,SGC2018yyczk_67417,1
2019-03-30T23:33:41.022000Z,0.767245742346,0.169083584504,3.64,20120,SGC2018yyczk_51041,1
2019-04-03T17:52:30.027000Z,0.0629271043498,0.418814069539,3.48,20242,SGC2018yyczk_51041,1
2019-04-08T02:07:54.723000Z,0.223806923214,0.263996183232,4.58,20376,SGC2018yyczk_51041,1
2019-04-11T09:00:47.704000Z,0.252109483551,0.837298171312,3.02,20458,SGC2018yyczk_55024,1
2019-04-13T10:14:56.105000Z,0.251920584849,0.792769132676,3.05,20515,SGC2018yyczk_55024,1
2019-04-13T13:01:29.847000Z,0.20503802977,0.953868824678,3.25,20520,SGC2018yyczk_55024,1
2019-04-15T08:55:34.323000Z,0.168947053774,1.11422695736,3.73,20570,SGC2018yyczk_55024,1
2019-04-17T23:11:05.677000Z,0.218897724124,0.44145222767,3.3,20634,SGC2018yyczk_46457,1
2019-04-18T01:39:00.127000Z,0.331474791501,0.815777461964,3.36,20641,SGC2018yyczk_51041,1
2019-04-19T12:02:23.275000Z,0.208067487572,0.90018729171,3.24,20690,SGC2018yyczk_55024,1
2019-04-25T11:03:52.879000Z,0.214421693741,0.499400461646,3.08,20824,SGC2018yyczk_46457,1
2019-04-25T22:19:27.964000Z,0.152857748953,1.06265736818,3.15,20840,SGC2018yyczk_61409,1
2019-04-26T17:16:17.885000Z,0.206034479553,0.896695977537,3.2,20855,SGC2018yyczk_55024,1
2019-04-29T18:29:34.103000Z,0.360435862857,0.93316590875,3.13,20926,SGC2018yyczk_55024,1
2019-04-29T21:49:07.657000Z,0.257817346946,0.730781743947,3.59,20928,SGC2018yyczk_56808,1
2019-05-01T05:21:50.347000Z,0.22372561969,0.359224148853,3.04,20959,SGC2018yyczk_51041,1
2019-05-03T08:45:17.478000Z,0.218980605236,0.425023200743,3.85,21011,SGC2018yyczk_34942,1
2019-05-03T21:23:26.658000Z,0.255373258691,0.817582385168,3.36,21023,SGC2018yyczk_55024,1
2019-05-05T20:38:59.290000Z,0.395576272761,1.0639467157,3.12,21076,SGC2018yyczk_67417,1
2019-05-07T01:43:55.596000Z,0.0779316776899,0.500366359799,3.01,21100,SGC2018yyczk_34942,1
2019-05-07T04:28:37.738000Z,0.366701504408,0.881551991622,3.4,21110,SGC2018yyczk_53066,1
2019-05-07T10:37:16.489000Z,0.285683364185,0.383032848708,3.16,21125,SGC2018yyczk_34942,1
2019-05-08T22:38:52.275000Z,0.242613814506,0.582512121056,3.25,21170,SGC2018yyczk_46457,1
2019-05-14T07:50:47.032000Z,0.247819627407,0.484837236089,3.24,21325,SGC2018yyczk_46457,1
2019-05-14T20:49:24.223000Z,0.199442837153,0.395209162464,3.38,21338,SGC2018yyczk_51041,1
2019-05-15T20:03:38.316000Z,0.325144728839,0.830066874402,3.42,21357,SGC2018yyczk_55024,1
2019-05-17T20:54:28.493000Z,0.245548750583,0.652554098631,3.16,21413,SGC2018yyczk_46457,1
2019-05-18T03:52:06.819000Z,0.0964037975672,0.531882501453,3.46,21419,SGC2018yyczk_34942,1
2019-05-18T05:00:33.461000Z,0.17351151666,0.492411852577,3.75,21428,SGC2018yyczk_45482,1
2019-05-24T00:08:07.659000Z,0.222460524621,1.01819089833,3.79,21576,SGC2018yyczk_55024,1
2019-05-25T21:31:29.809000Z,0.043311519986,1.00051437604,3.13,21619,SGC2018yyczk_61409,1
2019-05-25T23:30:06.456000Z,0.196008125876,0.816889086284,3.04,21622,SGC2018yyczk_56808,1
2019-05-26T11:13:30.584000Z,0.102372614059,1.09755178687,3.88,21640,SGC2018yyczk_53066,1
2019-05-27T21:15:25.003000Z,0.23985616586,0.465051835304,3.23,21668,SGC2018yyczk_46457,1
2019-05-30T04:08:49.292000Z,0.177971105981,0.500996113381,3.46,21718,SGC2018yyczk_51041,1
2019-05-30T20:34:16.509000Z,0.254941606537,1.17859223916,3.41,21733,SGC2018yyczk_67417,1
2019-05-31T07:52:18.567000Z,0.227391504429,0.353525279761,3.27,21744,SGC2018yyczk_51041,1
2019-06-05T01:42:45.423000Z,0.244522820701,0.813827347179,3.56,21856,SGC2018yyczk_56808,1
2019-06-05T03:04:40.735000Z,0.215579443842,0.604145687154,3.29,21859,SGC2018yyczk_46457,1
2019-06-07T10:59:25.491000Z,0.167802405626,0.811868280435,4.28,21911,SGC2018yyczk_53066,1
2019-06-09T15:16:11.828000Z,0.195390408974,0.479346443302,3.17,21975,SGC2018yyczk_51041,1
2019-06-09T19:43:38.207000Z,0.785208644942,0.623191937889,4.8,21977,SGC2018yyczk_45482,1
2019-06-11T18:58:43.775000Z,2.13380568447,0.851276332626,3.81,22019,SGC2018yyczk_62486,1
2019-06-13T09:00:59.574000Z,0.564066175881,0.270723630862,3.11,22056,SGC2018yyczk_34942,1
2019-06-14T01:20:33.183000Z,0.240206076974,0.392382158748,3.21,22068,SGC2018yyczk_46457,1
2019-06-18T09:30:04.223000Z,0.289069676989,0.496027094762,3.39,22177,SGC2018yyczk_46457,1
2019-06-18T15:01:29.931000Z,0.274997522691,0.90594447773,3.33,22185,SGC2018yyczk_55024,1
2019-06-20T13:10:55.188000Z,0.322733976476,1.12438443415,3.32,22225,SGC2018yyczk_67417,1
2019-06-21T05:12:56.293000Z,0.136934001307,0.104564798769,3.77,22239,SGC2018yyczk_46457,1
2019-06-22T10:00:40.679000Z,2.0405450615,-0.461715061922,3.23,22279,SGC2018yyczk_46457,1
2019-06-22T10:29:14.311000Z,1.91932497046,-0.557240792073,3.36,22283,SGC2018yyczk_46457,1
2019-06-22T15:49:58.446000Z,0.263597305841,0.439742188249,3.19,22287,SGC2018yyczk_46457,1
2019-06-23T06:52:07.668000Z,1.53242592615,-0.846099182051,4.34,22299,SGC2018yyczk_51041,1
2019-06-28T16:58:26.201000Z,0.2697528908,0.859429894798,3.07,22405,SGC2018yyczk_55024,1
2019-06-28T23:37:53.477000Z,0.352946273599,0.69162161946,3.26,22414,SGC2018yyczk_47863,1
2019-06-29T05:00:23.416000Z,0.0595541288856,0.430580471812,3.06,22421,SGC2018yyczk_51041,1
2019-06-30T04:52:55.837000Z,0.287945575992,0.891370075889,3.09,22445,SGC2018yyczk_67417,1
2019-06-30T16:05:52.211000Z,0.322498747094,0.856306762508,3.11,22455,SGC2018yyczk_55024,1
2019-07-02T15:41:20.893000Z,0.384650635061,0.771766671846,3.16,22514,SGC2018yyczk_67417,1
2019-07-02T18:27:20.784000Z,0.416897342114,0.760429239866,3.63,22519,SGC2018yyczk_67417,1
2019-07-03T07:40:28.588000Z,0.33503175799,0.770188403569,4.5,22534,SGC2018yyczk_56808,1
2019-07-04T04:59:43.144000Z,0.159902881942,0.515665345486,3.24,22550,SGC2018yyczk_51041,1
2019-07-06T02:26:26.819000Z,0.227767124539,0.423572222147,3.12,22579,SGC2018yyczk_46457,1
2019-07-09T06:31:36.006000Z,2.08347964319,0.782358396878,3.46,22648,SGC2018yyczk_45482,1
2019-07-12T05:02:06.653000Z,0.297427414251,0.377074688041,3.47,22728,SGC2018yyczk_45482,1
2019-07-12T07:02:48.806000Z,0.313698129924,0.438961018626,3.11,22733,SGC2018yyczk_34942,1
2019-07-12T23:57:19.763000Z,0.196175215924,0.353758537735,3.33,22750,SGC2018yyczk_34942,1
2019-07-14T07:04:28.544000Z,0.245338251415,0.375853852908,3.16,22783,SGC2018yyczk_51041,1
2019-07-14T09:55:31.331000Z,0.378382677447,0.713129801978,3.33,22793,SGC2018yyczk_62486,1
2019-07-15T07:49:51.331000Z,0.191072985391,0.558120896878,3.1,22809,SGC2018yyczk_67192,1
2019-07-16T18:08:04.325000Z,0.254523486731,0.778970545215,3.62,22850,SGC2018yyczk_46457,1
2019-07-18T15:39:15.758000Z,0.123112253697,0.513128275276,4.04,22903,SGC2018yyczk_51041,1
2019-07-19T13:07:40.985000Z,0.241040908693,0.54848720537,3.36,22917,SGC2018yyczk_46457,1
2019-07-20T15:47:17.311000Z,0.281534655833,0.856693574513,3.05,22944,SGC2018yyczk_55024,1
2019-07-21T07:11:48.248000Z,1.89605259031,0.0922139183403,4.07,22964,SGC2018yyczk_61409,1
2019-07-21T15:34:38.765000Z,0.244400566177,0.986807241911,3.08,22971,SGC2018yyczk_67417,1
2019-07-22T23:26:45.062000Z,1.0694408041,-0.438054020654,3.34,23001,SGC2018yyczk_47863,1
2019-07-24T22:36:21.417000Z,0.260524241976,0.429982168314,3.4,23046,SGC2018yyczk_46457,1
2019-07-25T23:31:32.708000Z,0.274810061392,0.25350702692,3.94,23069,SGC2018yyczk_51041,1
2019-07-26T17:30:37.876000Z,1.9004943523,-0.615731658084,3.57,23082,SGC2018yyczk_55024,1
2019-07-26T22:50:05.569000Z,0.219333843358,1.01615819698,3.03,23084,SGC2018yyczk_55024,1
2019-07-27T21:00:11.777000Z,0.258717638577,1.23058840918,4.25,23100,SGC2018yyczk_51041,1
2019-07-28T17:22:19.386000Z,0.265482773645,0.791825884609,3.65,23127,SGC2018yyczk_55024,1
2019-08-01T07:43:14.312000Z,0.247427573414,0.478084894483,3.47,23220,SGC2018yyczk_46457,1
2019-08-01T23:48:45.591000Z,0.274997522691,0.90594447773,3.63,23230,SGC2018yyczk_55024,1
2019-08-02T00:08:03.046000Z,0.28797998658,0.901613731667,4.02,23232,SGC2018yyczk_67417,1
2019-08-05T16:47:20.407000Z,0.331474791501,0.815777461964,3.1,23307,SGC2018yyczk_51041,1
2019-08-06T20:19:37.201000Z,0.256864668328,0.698995721662,3.2,23336,SGC2018yyczk_55024,1
2019-08-06T21:21:53.750000Z,0.240335213374,0.347798257766,3.49,23338,SGC2018yyczk_51041,1
2019-08-08T14:10:58.006000Z,0.223091980015,1.09000276003,3.47,23377,SGC2018yyczk_55024,1
2019-08-10T02:31:52.940000Z,2.12192162133,0.745562650973,3.1,23406,SGC2018yyczk_69884,1
2019-08-11T03:58:16.629000Z,3.36313672171,0.522578869203,3.3,23426,SGC2018yyczk_55024,1
2019-08-11T11:00:30.303000Z,0.464964921653,1.16141264629,4.17,23440,SGC2018yyczk_47863,1
2019-08-13T12:25:20.235000Z,0.286638760316,0.747757864545,4.07,23499,SGC2018yyczk_55024,1
2019-08-18T13:46:17.475000Z,0.395817457625,0.348164056782,3.75,23624,SGC2018yyczk_51041,1
2019-08-23T22:59:17.930000Z,0.227353790802,0.577345698361,3.03,23729,SGC2018yyczk_46457,1
2019-08-26T08:39:45.893000Z,0.297427414251,0.377074688041,3.72,23790,SGC2018yyczk_34942,1
2019-08-26T09:20:43.492000Z,0.378909159715,0.707307433559,3.03,23793,SGC2018yyczk_55024,1
2019-08-26T19:44:15.639000Z,0.300899639832,1.13708919075,3.04,23812,SGC2018yyczk_67417,1
2019-08-28T05:24:44.035000Z,0.26119616815,0.307681609191,3.41,23837,SGC2018yyczk_57470,1
2019-08-28T10:51:08.081000Z,0.231470631878,0.951901734414,3.11,23847,SGC2018yyczk_55024,1
2019-08-28T20:38:58.131000Z,0.218787136407,1.25036008999,3.13,23851,SGC2018yyczk_47863,1
2019-08-31T22:55:25.152000Z,0.201528671166,0.336506966922,3.34,23923,SGC2018yyczk_51041,1
2019-09-01T11:11:01.438000Z,0.143695520015,1.08254517879,3.15,23933,SGC2018yyczk_61409,1
2019-09-04T12:47:40.028000Z,0.183309134012,0.977326159587,3.2,24010,SGC2018yyczk_62486,1
2019-09-05T14:49:49.399000Z,0.303712071285,0.770847517325,3.63,24027,SGC2018yyczk_55024,1
2019-09-06T09:11:00.340000Z,0.281459469744,0.454919755658,3.54,24051,SGC2018yyczk_46457,1
2019-09-08T07:43:44.774000Z,0.295860278914,1.09788799382,3.19,24075,SGC2018yyczk_53066,1
2019-09-10T14:16:54.857000Z,0.223454655416,0.885919749633,3.17,24132,SGC2018yyczk_55024,1
2019-09-12T22:02:21.130000Z,0.151390750872,0.4477242951,3.39,24197,SGC2018yyczk_51041,1
2019-09-14T04:06:42.168000Z,0.253175856018,0.941383001306,4.24,24213,SGC2018yyczk_69884,1
2019-09-14T08:36:23.490000Z,0.193787645494,0.241098486371,3.3,24219,SGC2018yyczk_51041,1
2019-09-16T10:06:10.163000Z,0.195427242676,1.3390749527,3.24,24263,SGC2018yyczk_46457,1
2019-09-18T07:51:30.386000Z,0.295586756149,0.923875929272,3.08,24301,SGC2018yyczk_55024,1
2019-09-19T19:24:05.162000Z,0.287989894747,1.05077551309,3.27,24336,SGC2018yyczk_53066,1
2019-09-20T01:17:45.099000Z,0.319126689101,0.808914186115,3.13,24340,SGC2018yyczk_55024,1
2019-09-20T12:14:48.995000Z,0.193334330174,0.332528760261,3.05,24357,SGC2018yyczk_34942,1
2019-09-22T00:37:04.630000Z,0.854464494733,0.511320054629,5.2,24392,SGC2018yyczk_45482,1
2019-09-24T06:34:17.861000Z,0.219798065514,1.05223723928,3.05,24446,SGC2018yyczk_61409,1
2019-09-24T12:40:21.238000Z,0.343503936145,0.770427197174,3.26,24451,SGC2018yyczk_47863,1
2019-10-02T05:07:50.736000Z,0.250355848897,0.901330344266,3.47,24642,SGC2018yyczk_55024,1
2019-10-06T10:01:18.301000Z,0.218787136407,1.25036008999,3.02,24745,SGC2018yyczk_56808,1
2019-10-07T06:53:24.081000Z,0.432625255064,1.04937813491,3.14,24778,SGC2018yyczk_55024,1
2019-10-08T21:48:28.498000Z,0.175593122903,1.1423536063,3.28,24825,SGC2018yyczk_56808,1
2019-10-09T03:14:22.389000Z,0.272697553075,0.724841411832,4.17,24831,SGC2018yyczk_56808,1
2019-10-11T18:14:38.300000Z,0.332906053189,1.0598526264,3.2,24889,SGC2018yyczk_53066,1
2019-10-16T03:38:36.577000Z,0.20781836478,0.87241899891,3.3,24987,SGC2018yyczk_55024,1
2019-10-17T11:25:50.242000Z,0.330744968476,1.10839729592,3.24,25014,SGC2018yyczk_67417,1
2019-10-18T01:55:50.301000Z,0.208125008405,0.323933893994,3.39,25022,SGC2018yyczk_51041,1
2019-10-19T16:49:33.870000Z,0.103514808034,0.408177373875,3.55,25042,SGC2018yyczk_34942,1
2019-10-21T22:12:07.251000Z,0.402302053715,1.07037467081,3.09,25100,SGC2018yyczk_67417,1
2019-10-23T12:29:34.890000Z,0.547113225329,1.11717417322,4.52,25129,SGC2018yyczk_56808,1
2019-10-27T12:47:41.507000Z,0.205953511938,0.804222215413,3.49,25212,SGC2018yyczk_55024,1
2019-10-28T00:14:22.540000Z,0.284215893537,0.92018717821,3.12,25223,SGC2018yyczk_55024,1
2019-10-28T21:58:19.378000Z,0.267550749107,1.01468556236,3.04,25249,SGC2018yyczk_67417,1
2019-10-30T08:31:03.569000Z,0.157745679283,0.262043932737,4.16,25279,SGC2018yyczk_57470,1
2019-10-31T04:08:51.681000Z,0.447975080954,1.09239376944,3.55,25294,SGC2018yyczk_55024,1
2019-10-31T18:49:12.035000Z,0.156798654381,1.10715120691,3.59,25308,SGC2018yyczk_56808,1
2019-11-01T06:38:08.923000Z,0.136939324272,0.415282914319,3.38,25321,SGC2018yyczk_57470,1
2019-11-05T16:05:10.757000Z,0.251533616514,1.04221600526,4.25,25428,SGC2018yyczk_69884,1
2019-11-09T15:12:07.335000Z,0.212845139029,0.77245258252,3.31,25501,SGC2018yyczk_67417,1
2019-11-12T09:01:50.018000Z,1.06741328244,1.17733465476,3.55,25575,SGC2018yyczk_51041,1
2019-11-18T00:24:01.894000Z,0.095432468756,1.1271770548,3.51,25682,SGC2018yyczk_57470,1
2019-11-18T01:20:04.622000Z,0.4005703639,1.0636886872,3.29,25684,SGC2018yyczk_67417,1
2019-11-18T02:46:17.058000Z,0.252990945271,0.859493067215,4.01,25686,SGC2018yyczk_61409,1
2019-11-18T05:09:15.358000Z,0.224979764579,0.72507586181,3.0,25689,SGC2018yyczk_56808,1
2019-11-22T10:27:52.946000Z,0.252706828748,0.795309048393,3.71,25773,SGC2018yyczk_67417,1
2019-11-23T02:11:58.011000Z,0.232032820178,0.698804512654,3.5,25789,SGC2018yyczk_56808,1
2019-11-23T04:45:32.535000Z,0.207003903523,0.305548898427,3.3,25795,SGC2018yyczk_51041,1
2019-11-24T19:05:58.183000Z,0.206118186886,0.395940061665,3.22,25839,SGC2018yyczk_51041,1
2019-11-26T03:01:16.467000Z,0.0878357952683,0.960777493614,3.16,25869,SGC2018yyczk_67417,1
2019-11-26T20:00:01.119000Z,0.314866281216,0.86106644175,3.07,25880,SGC2018yyczk_53066,1
2019-11-27T06:56:25.925000Z,0.433625595478,0.722810403381,3.03,25885,SGC2018yyczk_69982,1
2019-12-02T02:27:47.850000Z,0.276680978885,0.87314840429,3.41,25982,SGC2018yyczk_55024,1
2019-12-02T05:35:34.497000Z,0.293203418629,0.853727038556,3.06,25984,SGC2018yyczk_69884,1
2019-12-04T17:05:34.345000Z,0.321577488204,1.05316824593,3.37,26037,SGC2018yyczk_53066,1
2019-12-04T21:10:21.962000Z,0.678208358586,0.832870146492,3.34,26041,SGC2018yyczk_53066,1
2019-12-05T13:58:05.513000Z,0.39979059361,-0.250765488673,3.22,26054,SGC2018yyczk_51041,1
2019-12-05T20:08:46.923000Z,0.193781072064,0.836410247091,3.08,26056,SGC2018yyczk_67417,1
2019-12-06T01:01:43.209000Z,0.367651992681,0.99619165578,3.36,26062,SGC2018yyczk_67417,1
2019-12-06T03:44:24.177000Z,0.255315754067,0.353896877972,3.23,26065,SGC2018yyczk_51041,1
2019-12-08T02:22:29.097000Z,0.339340346321,0.814594425084,3.26,26098,SGC2018yyczk_67417,1
2019-12-10T20:15:29.727000Z,0.261741953287,0.728509929629,3.03,26150,SGC2018yyczk_55024,1
2019-12-11T16:11:57.010000Z,0.100190227552,0.410670648702,3.97,26173,SGC2018yyczk_34942,1
2019-12-12T20:48:50.090000Z,0.418832590317,1.11004645946,3.26,26204,SGC2018yyczk_67417,1
2019-12-16T04:28:05.453000Z,0.216059600838,0.576166379627,3.72,26277,SGC2018yyczk_67417,1
2019-12-17T08:27:30.145000Z,0.308168677955,0.466485304714,3.13,26307,SGC2018yyczk_46457,1
2019-12-18T13:11:29.442000Z,0.200340140051,0.330395176858,3.12,26326,SGC2018yyczk_51041,1
2019-12-19T22:33:05.932000Z,0.403696096315,1.08160702354,3.37,26361,SGC2018yyczk_67417,1
2019-12-22T04:11:15.754000Z,0.228567642209,0.358525104294,3.87,26410,SGC2018yyczk_57470,1
2019-12-23T06:28:24.888000Z,0.291887737465,0.922075667919,3.16,26438,SGC2018yyczk_69884,1
2019-12-24T07:49:25.654000Z,0.377110438098,1.08008924186,3.2,26456,SGC2018yyczk_67417,1
2019-12-25T04:29:03.655000Z,0.131672932048,0.857183756461,4.0,26482,SGC2018yyczk_61409,1
2019-12-29T04:46:04.163000Z,0.134810640585,0.883140221192,3.09,26566,SGC2018yyczk_56808,1
2020-01-03T08:37:24.806000Z,1.11248747116,1.05338281271,3.36,26694,SGC2018yyczk_47863,1
2020-01-04T13:53:15.975000Z,0.30366871859,0.964651495947,4.93,26724,SGC2018yyczk_67417,1
2020-01-04T15:49:37.550000Z,0.261262539844,1.21044604219,4.02,26728,SGC2018yyczk_53066,1
2020-01-04T19:36:45.930000Z,0.399039501906,1.05778350033,3.23,26736,SGC2018yyczk_67417,1
2020-01-04T23:34:45.426000Z,0.321298182397,0.209285826851,3.67,26738,SGC2018yyczk_51041,1
2020-01-07T05:18:15.233000Z,1.99417147349,-0.446809830218,3.34,26786,SGC2018yyczk_51041,1
2020-01-07T05:20:01.169000Z,2.0925060496,-0.286657747458,3.47,26787,SGC2018yyczk_57470,1
2020-01-08T00:22:16.101000Z,0.183713539551,1.28706948951,3.06,26800,SGC2018yyczk_56808,1
2020-01-08T03:54:16.444000Z,0.149144335301,0.322645152384,3.05,26803,SGC2018yyczk_45482,1
2020-01-09T18:06:24.758000Z,0.380429737041,1.1389450625,3.28,26836,SGC2018yyczk_67417,1
2020-01-14T17:57:28.520000Z,0.741965125484,0.953846744359,4.81,26937,SGC2018yyczk_47863,1
2020-01-16T09:48:27.372000Z,0.3726654827,0.766657264755,3.58,26965,SGC2018yyczk_57470,1
2020-01-17T19:39:05.570000Z,0.263589939042,0.744974617958,3.03,26991,SGC2018yyczk_55024,1
2020-01-17T20:28:27.277000Z,0.264407450677,0.715846920179,3.08,26994,SGC2018yyczk_67417,1
2020-01-21T14:37:36.707000Z,0.339340346321,0.814594425084,3.27,27066,SGC2018yyczk_67417,1
2020-01-24T22:26:44.131000Z,0.266500757967,0.707271325923,3.06,27123,SGC2018yyczk_55024,1
2020-01-27T04:18:22.718000Z,0.219007394802,0.794368326468,3.12,27179,SGC2018yyczk_56808,1
2020-01-27T12:48:24.124000Z,0.251989099074,0.962356921081,3.08,27188,SGC2018yyczk_55024,1
2020-01-28T14:20:39.522000Z,0.154984965303,1.20340974236,3.66,27209,SGC2018yyczk_53066,1
2020-01-30T18:05:23.060000Z,0.314639242985,0.908918488232,3.49,27252,SGC2018yyczk_61409,1
2020-01-31T00:11:16.392000Z,0.266737150502,0.786730516856,3.05,27255,SGC2018yyczk_55024,1
2020-01-31T01:05:47.971000Z,0.422187016423,1.10355931908,3.22,27258,SGC2018yyczk_67417,1
2020-02-01T10:27:11.580000Z,0.317396774575,1.30541841798,4.23,27287,SGC2018yyczk_67417,1
2020-02-06T10:32:29.913000Z,0.231474047241,0.870651301996,3.59,27356,SGC2018yyczk_53066,1
2020-02-07T01:19:17.819000Z,0.25812291307,0.761306074136,3.57,27367,SGC2018yyczk_61409,1
2020-02-07T05:06:03.558000Z,0.130785331038,1.22300943152,3.46,27374,SGC2018yyczk_51041,1
2020-02-07T16:17:12.282000Z,0.211261305158,0.396199958015,3.29,27385,SGC2018yyczk_51041,1
2020-02-09T01:25:41.291000Z,0.245024152973,1.07515838894,3.57,27406,SGC2018yyczk_69982,1
2020-02-09T02:41:31.733000Z,0.327757959636,1.05255347653,4.09,27407,SGC2018yyczk_69982,1
2020-02-15T05:09:32.610000Z,0.154066921888,1.14773629394,3.53,27520,SGC2018yyczk_51041,1
2020-02-17T16:12:16.066000Z,0.368730554606,0.928096309894,3.05,27583,SGC2018yyczk_55024,1
2020-02-17T17:27:51.717000Z,0.274346606287,0.661914191364,3.38,27586,SGC2018yyczk_61409,1
2020-02-21T17:13:08.689000Z,0.493640783448,1.22864627642,3.03,27662,SGC2018yyczk_67417,1
2020-02-24T19:22:46.021000Z,0.218524656803,0.275147941836,3.41,27731,SGC2018yyczk_51041,1
2020-02-26T15:54:51.665000Z,0.128018752784,1.0384880496,3.13,27767,SGC2018yyczk_62486,1
2020-02-26T23:12:25.134000Z,0.375244561503,1.14972840847,3.23,27774,SGC2018yyczk_67417,1
2020-02-29T20:55:48.525000Z,0.290402450898,0.701668193687,3.03,27837,SGC2018yyczk_53066,1
2020-03-03T18:21:25.060000Z,0.314639242985,0.908918488232,3.29,27887,SGC2018yyczk_61409,1
2020-03-06T02:39:15.998000Z,0.220100077462,0.718565444726,4.3,27938,SGC2018yyczk_61409,1
2020-03-06T15:09:20.469000Z,0.222455976585,1.02979337185,3.51,27951,SGC2018yyczk_61409,1
2020-03-10T21:02:04.901000Z,2.33228313252,2.16775967964,3.24,28025,SGC2018yyczk_67417,1
2020-03-11T23:20:31.337000Z,0.263961161953,0.740757227259,3.78,28056,SGC2018yyczk_67417,1
2020-03-18T13:06:24.591000Z,0.131657345467,0.529497935406,3.19,28202,SGC2018yyczk_34942,1
2020-03-18T17:57:04.283000Z,1.12646789359,-0.360324603793,3.24,28208,SGC2018yyczk_67417,1
2020-03-20T22:30:57.997000Z,8.80242472484,1.88170385951,3.37,28255,SGC2018yyczk_57470,1
2020-03-21T22:39:04.910000Z,0.296857924166,0.639383572996,3.22,28276,SGC2018yyczk_46457,1
2020-03-24T15:54:29.466000Z,0.345077286903,0.956563327888,3.21,28357,SGC2018yyczk_69982,1
2020-03-26T21:34:58.639000Z,0.26239554075,0.962270241206,3.56,28411,SGC2018yyczk_61409,1
2020-03-27T07:52:14.673000Z,0.323579538459,1.01630048725,3.09,28418,SGC2018yyczk_69982,1
2020-03-27T19:10:29.339000Z,0.304983428543,0.750341592052,3.14,28431,SGC2018yyczk_61409,1
2020-03-28T05:55:29.400000Z,0.562993608826,1.22668711904,4.8,28443,SGC2018yyczk_67417,1
2020-03-29T23:28:01.450000Z,0.319543639639,0.58922146999,4.13,28493,SGC2018yyczk_47863,1
2020-03-30T06:10:05.021000Z,0.356722221444,0.38210207825,3.03,28502,SGC2018yyczk_45482,1
2020-03-30T17:40:16.221000Z,0.266109687859,0.295144713826,3.19,28517,SGC2018yyczk_57470,1
2020-03-30T21:32:34.517000Z,0.322984211822,0.700462947515,4.19,28520,SGC2018yyczk_53066,1
2020-03-31T14:16:48.944000Z,0.257757118786,1.0936139604,3.92,28539,SGC2018yyczk_53066,1
2020-04-01T14:06:15.242000Z,0.390281228803,1.17678692552,3.09,28569,SGC2018yyczk_67417,1
2020-04-01T19:51:22.425000Z,0.0278974150212,0.377028238506,3.06,28573,SGC2018yyczk_34942,1
2020-04-01T22:46:25.148000Z,0.194526497648,1.02058683315,3.14,28577,SGC2018yyczk_61409,1
2020-04-04T01:29:11.661000Z,0.405040979205,0.806361743568,3.11,28630,SGC2018yyczk_51041,1
2020-04-07T12:41:04.895000Z,0.273901532644,0.685418594709,4.02,28707,SGC2018yyczk_62486,1
2020-04-09T21:11:16.508000Z,0.257014809168,0.979673728953,3.12,28773,SGC2018yyczk_61409,1
2020-04-10T01:12:16.500000Z,0.499423737164,0.381936656825,3.75,28779,SGC2018yyczk_67192,1
2020-04-12T15:14:29.037000Z,0.777006031609,0.102465300035,3.17,28837,SGC2018yyczk_51041,1
2020-04-12T16:20:54.107000Z,0.532443685259,0.875471775089,3.63,28838,SGC2018yyczk_61409,1
2020-04-12T17:38:03.677000Z,0.274346606287,0.661914191364,3.63,28841,SGC2018yyczk_61409,1
2020-04-15T02:26:23.710000Z,0.276478942471,1.0424927361,3.09,28888,SGC2018yyczk_69982,1
2020-04-16T23:44:07.936000Z,0.26908853278,0.678369021141,3.05,28927,SGC2018yyczk_69982,1
2020-04-17T16:29:14.657000Z,0.297858868106,0.718025826741,3.04,28943,SGC2018yyczk_67417,1
2020-04-22T20:05:51.887000Z,0.245335173899,0.773384549281,3.19,29045,SGC2018yyczk_67417,1
2020-04-23T03:39:26.576000Z,0.221816474299,0.659620808501,3.14,29051,SGC2018yyczk_55024,1
2020-04-24T07:54:49.472000Z,0.279294502433,0.619899265595,3.13,29078,SGC2018yyczk_46457,1
2020-04-26T23:46:06.717000Z,0.236924752239,1.09097448036,3.53,29131,SGC2018yyczk_69982,1
2020-04-27T03:58:48.489000Z,0.22367612624,1.02684544961,3.27,29136,SGC2018yyczk_55024,1
2020-04-28T07:27:08.970000Z,0.245002493172,0.770160820347,3.43,29162,SGC2018yyczk_67417,1
2020-04-29T00:03:47.323000Z,0.381067236783,1.16940518795,3.11,29174,SGC2018yyczk_67417,1
2020-04-29T07:39:28.091000Z,0.317884696595,0.985499497294,3.53,29180,SGC2018yyczk_69884,1
2020-05-03T18:47:16.107000Z,0.26639215876,0.935242189999,3.37,29261,SGC2018yyczk_55024,1
2020-05-04T10:43:59.565000Z,0.264537910373,1.03014183663,3.54,29286,SGC2018yyczk_67417,1
2020-05-05T16:28:31.540000Z,0.434964439344,0.943016293893,3.99,29310,SGC2018yyczk_53066,1
2020-05-06T04:42:32.967000Z,0.255159385727,0.711122457247,4.05,29319,SGC2018yyczk_61409,1
2020-05-06T15:52:29.151000Z,0.30280111049,0.650679027078,3.57,29329,SGC2018yyczk_47863,1
2020-05-07T01:26:43.495000Z,0.299781750226,0.97433469456,3.51,29334,SGC2018yyczk_61409,1
2020-05-11T13:45:14.453000Z,0.269472221608,0.28376978655,3.08,29402,SGC2018yyczk_57470,1
2020-05-12T06:49:00.179000Z,0.22855970849,1.02810772894,4.52,29415,SGC2018yyczk_61409,1
2020-05-12T17:37:48.174000Z,0.278722416008,0.868917364685,3.81,29426,SGC2018yyczk_67417,1
2020-05-13T19:07:20.842000Z,0.297285361119,0.252485854142,3.23,29447,SGC2018yyczk_51041,1
2020-05-16T19:36:50.629000Z,0.335881807204,1.17079011037,4.46,29496,SGC2018yyczk_34942,1
2020-05-16T22:55:11.908000Z,0.375077928419,0.617388570197,3.08,29499,SGC2018yyczk_47863,1
2020-05-18T02:39:58.371000Z,0.241345282802,0.35539882038,3.5,29523,SGC2018yyczk_57470,1
2020-05-19T07:08:15.637000Z,0.274346606287,0.661914191364,3.24,29549,SGC2018yyczk_69982,1
2020-05-20T01:52:47.748000Z,0.295617155088,0.683382405965,3.09,29562,SGC2018yyczk_55024,1
2020-05-22T01:18:38.245000Z,0.172800101488,0.419842932347,3.71,29591,SGC2018yyczk_34942,1
2020-05-22T07:31:18.041000Z,0.232032820178,0.698804512654,3.41,29600,SGC2018yyczk_46457,1
2020-05-23T03:50:55.798000Z,0.104166038064,1.11232807539,3.12,29611,SGC2018yyczk_62486,1
2020-05-27T10:13:30.890000Z,0.316701033352,0.82753697692,3.01,29693,SGC2018yyczk_56808,1
2020-05-30T02:49:09.369000Z,0.249839080709,1.05236424355,3.14,29746,SGC2018yyczk_55024,1
2020-05-31T06:47:26.184000Z,0.169118343389,1.37525964508,3.12,29774,SGC2018yyczk_56808,1
2020-06-02T20:14:09.749000Z,0.275101093469,0.263933296226,3.46,29814,SGC2018yyczk_57470,1
2020-06-05T00:07:50.578000Z,0.29571386028,0.739051707555,3.12,29847,SGC2018yyczk_55024,1
2020-06-09T06:18:48.642000Z,0.191916351136,0.769084267921,3.72,29914,SGC2018yyczk_53066,1
2020-06-09T15:00:19.747000Z,0.245574498342,0.704706283199,3.59,29921,SGC2018yyczk_67417,1
2020-06-10T04:47:19.502000Z,0.327154023903,0.957484902389,3.49,29931,SGC2018yyczk_67417,1
2020-06-11T03:55:34.915000Z,0.447040976202,0.856654871948,3.28,29948,SGC2018yyczk_53066,1
2020-06-13T16:45:05.842000Z,0.228478609495,1.08144761338,3.02,29991,SGC2018yyczk_61409,1
2020-06-14T09:27:27.835000Z,0.101082550484,1.12660814543,3.24,30006,SGC2018yyczk_62486,1
2020-06-15T11:00:17.837000Z,0.274346606287,0.661914191364,3.41,30028,SGC2018yyczk_69982,1
2020-06-17T11:19:02.148000Z,0.265588221844,0.749217669372,3.14,30066,SGC2018yyczk_56808,1
2020-06-20T07:58:51.260000Z,0.293951034598,0.620132221752,3.18,30123,SGC2018yyczk_47863,1
2020-06-20T16:02:09.875000Z,0.261868217867,0.600431418653,3.24,30127,SGC2018yyczk_46457,1
2020-06-20T22:25:15.777000Z,0.318927641289,1.0920555361,3.65,30133,SGC2018yyczk_53066,1
2020-06-22T20:39:59.702000Z,0.36343489885,0.942580615532,3.05,30163,SGC2018yyczk_53066,1
2020-06-26T09:29:46.698000Z,0.19340054283,1.05855543144,3.03,30229,SGC2018yyczk_57470,1
2020-06-28T21:36:43.739000Z,0.114101225778,1.11374931864,3.27,30270,SGC2018yyczk_62486,1
2020-06-30T21:13:41.760000Z,0.161902217265,0.730835732514,3.22,30310,SGC2018yyczk_53066,1
2020-07-02T04:18:20.924000Z,0.249800369787,0.261313462223,3.26,30327,SGC2018yyczk_51041,1
2020-07-05T21:55:00.410000Z,0.237559485949,0.232362006814,3.08,30387,SGC2018yyczk_51041,1
2020-07-05T23:07:43.440000Z,0.358524767315,0.802162608966,3.62,30389,SGC2018yyczk_55024,1
2020-07-06T00:29:50.859000Z,0.159775267077,0.901166057904,3.04,30391,SGC2018yyczk_67417,1
2020-07-06T11:38:25.739000Z,0.415316061306,1.16537292052,3.74,30399,SGC2018yyczk_67417,1
2020-07-07T13:23:14.991000Z,0.27800548732,1.04796884766,3.05,30412,SGC2018yyczk_55024,1
2020-07-08T01:10:34.737000Z,0.257576313343,0.690782613975,3.04,30422,SGC2018yyczk_55024,1
2020-07-08T04:03:36.082000Z,0.217076781179,1.38613271323,3.19,30425,SGC2018yyczk_67192,1
2020-07-09T03:23:11.559000Z,0.0639619067534,0.951551363536,5.2,30436,SGC2018yyczk_67417,1
2020-07-11T20:27:03.664000Z,1.38903406669,-0.181203005287,4.75,30476,SGC2018yyczk_67417,1
2020-07-12T22:20:42.404000Z,0.255413188577,0.264397445714,3.04,30494,SGC2018yyczk_57470,1
2020-07-13T11:44:48.228000Z,0.286919352872,1.0612154477,3.6,30508,SGC2018yyczk_69982,1
2020-07-15T06:40:24.864000Z,0.311100931666,1.14610400428,3.06,30526,SGC2018yyczk_53066,1
2020-07-15T20:12:02.806000Z,0.264353197608,0.270703806455,3.35,30535,SGC2018yyczk_51041,1
2020-07-17T16:52:36.123000Z,0.187898089619,0.710376591408,3.13,30567,SGC2018yyczk_55024,1
2020-07-18T21:30:25.126000Z,0.241544694909,0.903969609963,3.57,30585,SGC2018yyczk_55024,1
2020-07-22T19:22:17.770000Z,0.356246196431,1.19636672148,4.82,30647,SGC2018yyczk_67417,1
2020-07-27T21:11:16.674000Z,0.384450148622,1.06478874595,3.4,30726,SGC2018yyczk_53066,1
2020-07-29T00:28:21.960000Z,0.418254334922,0.788118219155,3.67,30739,SGC2018yyczk_53066,1
2020-07-29T08:04:38.221000Z,0.218914281889,1.26324589523,3.79,30745,SGC2018yyczk_61409,1
2020-07-29T10:46:56.578000Z,0.972100809313,0.844274740058,3.02,30748,SGC2018yyczk_56808,1
2020-08-03T04:28:54.106000Z,1.74335735949,-0.128545715828,4.27,30808,SGC2018yyczk_61409,1
2020-08-04T09:33:49.628000Z,0.310692846665,0.762383213791,3.36,30830,SGC2018yyczk_55024,1
2020-08-04T11:24:56.297000Z,0.430718458869,1.12997027155,3.08,30832,SGC2018yyczk_53066,1
2020-08-05T09:24:23.811000Z,0.331047586502,0.273278209118,3.63,30844,SGC2018yyczk_51041,1
2020-08-06T06:49:20.636000Z,0.249745049479,0.655649489157,3.2,30856,SGC2018yyczk_67417,1
2020-08-09T06:57:08.580000Z,0.366858153624,1.17427452082,3.38,30893,SGC2018yyczk_67417,1
2020-08-09T11:50:58.158000Z,0.353485027286,0.924409534859,3.44,30899,SGC2018yyczk_53066,1
2020-08-12T01:59:06.156000Z,0.397029292422,1.14766522487,3.07,30941,SGC2018yyczk_67417,1
2020-08-14T19:03:26.642000Z,0.458168860201,0.911947379768,3.69,30973,SGC2018yyczk_53066,1
2020-08-16T02:08:52.545000Z,0.155038771349,1.07651069226,3.3,30992,SGC2018yyczk_67192,1
2020-08-18T10:26:55.222000Z,0.226364958839,1.10530838043,3.69,31025,SGC2018yyczk_69982,1
2020-08-22T02:02:23.385000Z,0.239020800346,1.0385865652,3.28,31074,SGC2018yyczk_69884,1
2020-08-28T01:36:47.663000Z,0.316074833743,0.84954242664,3.03,31151,SGC2018yyczk_67417,1
2020-08-29T06:57:46.129000Z,0.149867226644,0.33069166191,3.18,31172,SGC2018yyczk_34942,1
2020-08-30T18:11:46.706000Z,0.256719170015,0.605210298839,3.35,31193,SGC2018yyczk_69982,1
2020-08-31T05:19:51.825000Z,0.190683178276,1.1355774226,3.04,31200,SGC2018yyczk_53066,1
2020-09-02T05:14:48.341000Z,0.276582710033,1.03837350337,3.05,31228,SGC2018yyczk_69982,1
2020-09-02T09:00:52.637000Z,0.359686507715,1.15285604407,3.21,31231,SGC2018yyczk_67417,1
2020-09-02T09:31:05.925000Z,0.283562521141,0.39773482564,3.29,31232,SGC2018yyczk_46457,1
2020-09-04T01:05:47.447000Z,0.391319190239,0.991453461908,3.53,31257,SGC2018yyczk_53066,1
2020-09-04T04:58:39.135000Z,0.462709270895,0.437426991967,4.6,31260,SGC2018yyczk_53066,1
2020-09-06T01:45:50.156000Z,0.339066373274,1.08692418758,3.13,31275,SGC2018yyczk_51041,1
2020-09-12T16:28:00.516000Z,0.245474741531,1.10786874376,3.03,31369,SGC2018yyczk_67417,1
2020-09-13T06:02:35.362000Z,0.2913378366,0.0833269103011,3.99,31383,SGC2018yyczk_51041,1
2020-09-14T11:37:59.492000Z,0.321181914341,0.656433756884,3.21,31405,SGC2018yyczk_55024,1
2020-09-15T05:16:34.219000Z,0.177139245975,0.834248904376,3.51,31416,SGC2018yyczk_55024,1
2020-09-17T13:21:19.079000Z,0.41429185682,1.17260229606,3.8,31439,SGC2018yyczk_67417,1
2020-09-18T04:40:31.866000Z,0.339066373274,1.08692418758,3.02,31445,SGC2018yyczk_67417,1
2020-09-18T06:45:26.322000Z,0.242324354149,1.04216285108,3.78,31448,SGC2018yyczk_53066,1
2020-09-19T12:42:45.864000Z,0.571737152276,0.887220043833,4.18,31460,SGC2018yyczk_67417,1
2020-09-21T03:53:23.098000Z,0.301067633908,0.599145846214,3.36,31475,SGC2018yyczk_69884,1
2020-09-24T21:27:13.006000Z,0.430211443225,0.979416751459,3.96,31516,SGC2018yyczk_53066,1
2020-09-27T14:22:18.850000Z,0.656829024068,1.22907681388,4.11,31544,SGC2018yyczk_53066,1
2020-09-28T20:47:03.647000Z,0.253312791289,0.653143010518,3.06,31552,SGC2018yyczk_53066,1
2020-09-30T00:48:35.638000Z,0.242096805476,1.06739177828,3.4,31566,SGC2018yyczk_56808,1
2020-09-30T18:35:44.549000Z,0.603753852448,-0.114876789155,3.14,31572,SGC2018yyczk_51041,1
2020-09-30T19:39:53.452000Z,0.260967819981,0.749098370397,3.21,31573,SGC2018yyczk_53066,1
2020-09-30T22:57:41.214000Z,0.311934461615,1.18391659347,3.31,31575,SGC2018yyczk_53066,1
2020-10-02T15:29:51.236000Z,0.245033011,0.610135098828,3.11,31594,SGC2018yyczk_69982,1
2020-10-05T06:54:41.666000Z,0.312260185211,1.08374353993,3.79,31620,SGC2018yyczk_57470,1
2020-10-05T14:51:21.037000Z,0.311655620867,0.513348654242,3.56,31624,SGC2018yyczk_46457,1
2020-10-09T10:57:54.196000Z,0.391815997472,1.07019479777,3.17,31662,SGC2018yyczk_62486,1
2020-10-11T13:15:24.110000Z,0.500318800391,0.624578654806,4.05,31682,SGC2018yyczk_61409,1
2020-10-12T01:45:35.605000Z,0.203368327559,0.827006770113,3.64,31689,SGC2018yyczk_53066,1
2020-10-15T10:29:50.129000Z,0.244803141345,0.920182657353,3.81,31727,SGC2018yyczk_69884,1
2020-10-16T17:18:53.318000Z,0.637976466487,0.739681055439,3.09,31747,SGC2018yyczk_62486,1
2020-10-20T18:47:37.490000Z,0.196894378107,1.14968195894,3.06,31796,SGC2018yyczk_55024,1
2020-10-22T15:39:33.381000Z,0.231346905832,0.535757392832,4.0,31813,SGC2018yyczk_67192,1
2020-10-25T06:00:32.640000Z,0.265539762729,0.660754518666,3.04,31835,SGC2018yyczk_69982,1
2020-10-25T06:14:07.429000Z,0.108908569666,0.448368975926,3.86,31837,SGC2018yyczk_34942,1
2020-10-25T06:16:01.546000Z,0.292922033563,1.23825117199,3.39,31839,SGC2018yyczk_53066,1
2020-10-25T06:56:15.415000Z,0.299159695377,1.21647101025,3.24,31841,SGC2018yyczk_55024,1
2020-10-25T18:24:31.327000Z,0.175978258777,1.08902541544,3.4,31845,SGC2018yyczk_67192,1
2020-10-29T00:46:31.203000Z,0.134908407715,1.16536051169,3.97,31872,SGC2018yyczk_55024,1
2020-10-29T17:59:43.377000Z,0.237448966061,1.08807423133,3.41,31880,SGC2018yyczk_55024,1
2020-11-03T21:40:53.300000Z,0.388748099863,0.729949094352,4.04,31950,SGC2018yyczk_67417,1
2020-11-03T22:48:37.136000Z,0.124591822016,0.847230232125,3.56,31951,SGC2018yyczk_46457,1
2020-11-04T19:10:57.539000Z,0.303191219714,0.991679458539,3.36,31957,SGC2018yyczk_61409,1
2020-11-05T09:27:14.161000Z,0.203242088147,0.445412815823,3.27,31961,SGC2018yyczk_51041,1
2020-11-06T10:23:08.203000Z,0.408411646064,1.10534772831,4.05,31971,SGC2018yyczk_53066,1
2020-11-07T16:55:17.736000Z,1.59261221009,-0.0921957769803,4.09,31981,SGC2018yyczk_67417,1
2020-11-09T07:10:35.483000Z,0.140002390548,1.12131753116,3.36,31989,SGC2018yyczk_56808,1
2020-11-10T09:56:16.709000Z,0.201217529498,1.08667145851,3.51,31995,SGC2018yyczk_55024,1
2020-11-10T22:49:25.943000Z,0.331784242195,0.402600935816,3.88,31999,SGC2018yyczk_45482,1
2020-11-12T23:19:51.455000Z,0.404333877929,1.20039098181,3.45,32014,SGC2018yyczk_67417,1
2020-11-16T23:20:13.929000Z,0.247638015982,1.12148375644,4.12,32045,SGC2018yyczk_55024,1
2020-11-18T11:39:43.446000Z,0.283603455428,0.977020601148,3.25,32057,SGC2018yyczk_53066,1
2020-11-20T00:57:20.630000Z,0.656829024068,1.22907681388,4.63,32070,SGC2018yyczk_53066,1
2020-11-20T01:04:10.789000Z,0.228363155854,1.21126604239,4.09,32071,SGC2018yyczk_53066,1
2020-11-21T15:15:54.304000Z,0.283849784181,1.07404073239,3.05,32086,SGC2018yyczk_53066,1
2020-11-29T09:58:16.992000Z,2.20588669634,-0.264658636081,3.16,32143,SGC2018yyczk_55024,1
2020-12-03T00:42:06.385000Z,0.236522251476,1.08788302232,3.36,32166,SGC2018yyczk_55024,1
2020-12-06T10:53:58.352000Z,0.369470621159,1.00158756908,3.1,32191,SGC2018yyczk_55024,1
2020-12-08T17:44:15.876000Z,0.298059181518,1.25489891894,3.21,32211,SGC2018yyczk_53066,1
2020-12-09T08:15:10.928000Z,0.265010172197,0.585418812309,3.07,32220,SGC2018yyczk_46457,1
2020-12-11T22:00:18.346000Z,0.237810388331,0.708543249456,3.82,32237,SGC2018yyczk_69884,1
2020-12-11T22:53:37.170000Z,0.225041456142,0.641377284088,3.4,32239,SGC2018yyczk_69982,1
2020-12-11T23:28:39.266000Z,0.182513571477,1.09156807165,3.14,32242,SGC2018yyczk_67192,1
2020-12-16T16:33:04.955000Z,0.35832422211,1.09586068597,3.64,32269,SGC2018yyczk_67417,1
2020-12-16T23:32:50.599000Z,0.373871634843,0.29248564355,4.78,32271,SGC2018yyczk_51041,1
2020-12-21T20:19:22.608000Z,0.380045751732,0.939396212625,3.09,32310,SGC2018yyczk_53066,1
2020-12-25T02:08:31.879000Z,0.202244211344,1.08385550535,3.2,32329,SGC2018yyczk_55024,1
2020-12-26T17:17:56.966000Z,0.239233294552,0.70496911683,3.12,32343,SGC2018yyczk_69884,1
2020-12-27T08:00:39.745000Z,0.37349723439,1.20046965343,3.69,32351,SGC2018yyczk_67417,1
2020-12-29T22:06:39.297000Z,0.320975777294,1.0758049048,3.17,32369,SGC2018yyczk_55024,1
2020-12-31T10:15:34.765000Z,0.236522251476,1.08788302232,3.64,32383,SGC2018yyczk_56808,1
2021-01-02T09:29:10.607000Z,0.191064590143,1.46080429066,3.37,32416,SGC2018yyczk_56808,1
2021-01-03T09:43:24.851000Z,0.302186541502,1.06462490468,3.29,32432,SGC2018yyczk_69982,1
2021-01-05T03:23:16.915000Z,0.244691250494,1.22318072548,3.16,32453,SGC2018yyczk_55024,1
2021-01-05T07:42:14.940000Z,0.346565197776,0.344874145941,3.77,32456,SGC2018yyczk_51041,1
2021-01-07T04:37:55.822000Z,0.480021010402,1.11140709469,4.77,32476,SGC2018yyczk_67417,1
2021-01-07T14:49:54.207000Z,0.300250389675,0.516331205564,3.01,32483,SGC2018yyczk_55024,1
2021-01-08T03:12:51.079000Z,0.304044282168,1.21527206302,3.49,32493,SGC2018yyczk_53066,1
2021-01-08T19:55:58.916000Z,0.3090572781,0.582209533851,3.05,32503,SGC2018yyczk_69982,1
2021-01-12T02:53:22.532000Z,0.31877722859,1.01199568617,3.28,32541,SGC2018yyczk_69982,1
2021-01-12T23:58:28.070000Z,0.262324890871,0.606349204563,3.31,32551,SGC2018yyczk_69884,1
2021-01-14T12:06:49.610000Z,0.297379499052,1.10679293938,3.33,32571,SGC2018yyczk_69982,1
2021-01-15T20:21:54.393000Z,0.289865029889,1.09390711774,3.2,32580,SGC2018yyczk_55024,1
2021-01-19T14:55:30.926000Z,0.322700573241,0.830168322979,3.49,32618,SGC2018yyczk_47863,1
2021-01-19T22:36:34.810000Z,0.309434618188,0.732224715431,3.37,32620,SGC2018yyczk_67417,1
2021-01-22T01:59:10.537000Z,0.209908229564,1.24917079242,3.03,32650,SGC2018yyczk_47863,1
2021-01-22T10:58:11.404000Z,0.232007111904,1.09948378769,3.07,32658,SGC2018yyczk_55024,1
2021-01-23T00:58:23.196000Z,0.313437556042,1.07761347622,3.13,32662,SGC2018yyczk_55024,1
2021-01-23T09:17:21.509000Z,0.229018048582,1.0472899817,3.2,32670,SGC2018yyczk_53066,1
2021-01-25T21:48:41.553000Z,0.464747266504,1.19581760142,3.28,32701,SGC2018yyczk_62486,1
2021-01-27T21:02:32.717000Z,0.262904021985,1.13722533948,3.27,32730,SGC2018yyczk_55024,1
2021-01-28T09:41:53.182000Z,0.227080038048,0.80199978133,3.27,32735,SGC2018yyczk_53066,1
2021-01-28T10:17:17.207000Z,0.106151969221,1.10134930251,3.54,32737,SGC2018yyczk_67192,1
2021-01-30T10:41:49.464000Z,0.327308898047,1.09556644165,3.0,32766,SGC2018yyczk_69982,1
2021-02-01T18:03:51.126000Z,0.313437556042,1.07761347622,3.14,32789,SGC2018yyczk_55024,1
2021-02-04T16:45:52.097000Z,0.335376361027,1.06151326803,3.24,32838,SGC2018yyczk_55024,1
2021-02-05T07:53:54.718000Z,0.343035991174,1.18716900901,4.5,32844,SGC2018yyczk_34942,1
2021-02-05T11:49:19.416000Z,0.237810388331,0.708543249456,3.05,32850,SGC2018yyczk_69884,1
2021-02-11T05:39:57.268000Z,1.94034123041,1.33943029743,4.05,32912,SGC2018yyczk_67417,1
2021-02-12T01:57:46.987000Z,1.2153742842,1.02133052266,4.15,32923,SGC2018yyczk_62486,1
2021-02-14T19:45:15.986000Z,0.285703917492,1.27705126612,3.09,32946,SGC2018yyczk_53066,1
2021-02-15T17:11:08.176000Z,0.235622765889,1.08165538787,3.04,32955,SGC2018yyczk_55024,1
2021-02-16T02:05:53.130000Z,0.251542009597,0.229971036796,3.13,32961,SGC2018yyczk_57470,1
2021-02-17T21:46:02.534000Z,0.321841616051,1.01453099356,3.19,32978,SGC2018yyczk_69982,1
2021-02-18T08:20:11.215000Z,0.23295864959,1.08325383475,3.27,32986,SGC2018yyczk_55024,1
2021-02-20T07:10:53.649000Z,0.64819927165,-0.213244775071,3.48,33006,SGC2018yyczk_51041,1
2021-02-22T07:30:15.786000Z,0.237810388331,0.708543249456,4.4,33032,SGC2018yyczk_69884,1
2021-02-23T08:46:41.509000Z,0.304044282168,1.21527206302,3.29,33040,SGC2018yyczk_53066,1
2021-02-26T16:38:15.617000Z,0.274684139382,0.55495913195,4.12,33076,SGC2018yyczk_69982,1
2021-02-27T20:16:37.443000Z,0.097833386748,1.13164209929,4.23,33085,SGC2018yyczk_53066,1
2021-03-02T13:15:37.338000Z,0.267722311874,1.14500300069,3.22,33113,SGC2018yyczk_69982,1
2021-03-03T06:45:37.943000Z,0.397067405067,1.45017676244,4.4,33120,SGC2018yyczk_67417,1
2021-03-04T20:33:46.196000Z,0.409329151825,1.20764222771,3.76,33127,SGC2018yyczk_67417,1
2021-03-07T02:30:48.644000Z,2.56574323666,-0.424339092964,3.02,33142,SGC2018yyczk_51041,1
2021-03-07T13:41:19.377000Z,0.281430379551,1.06480826511,3.05,33149,SGC2018yyczk_69982,1
2021-03-12T15:50:38.567000Z,0.527518848014,1.05704509377,3.15,33197,SGC2018yyczk_62486,1
2021-03-15T14:10:09.442000Z,0.324184433799,1.03417485212,3.04,33230,SGC2018yyczk_55024,1
2021-03-16T18:19:57.999000Z,0.203341051185,1.05827959079,3.16,33240,SGC2018yyczk_69884,1
2021-03-16T18:25:49.909000Z,0.304044282168,1.21527206302,3.42,33241,SGC2018yyczk_53066,1
2021-03-17T00:10:15.929000Z,0.244803141345,0.920182657353,3.39,33245,SGC2018yyczk_69884,1
2021-03-17T18:36:43.681000Z,0.24792599579,0.382857319294,3.07,33253,SGC2018yyczk_46457,1
2021-03-19T08:11:03.266000Z,0.29645925152,1.10350417018,3.02,33267,SGC2018yyczk_67417,1
2021-03-22T15:15:08.846000Z,0.846515292261,0.574219389355,3.07,33297,SGC2018yyczk_57470,1
2021-03-22T21:00:43.849000Z,0.0746161492177,1.07081895764,3.51,33298,SGC2018yyczk_53066,1
2021-03-25T14:58:25.824000Z,0.321841616051,1.01453099356,3.22,33339,SGC2018yyczk_69982,1
2021-03-26T20:34:48.380000Z,0.217685063445,1.22176327802,3.28,33346,SGC2018yyczk_47863,1
2021-03-27T07:00:09.960000Z,0.396355314499,0.71171583647,3.04,33348,SGC2018yyczk_46457,1
2021-03-28T08:17:39.835000Z,0.326758472275,1.09104587537,3.84,33350,SGC2018yyczk_69982,1
2021-03-30T05:58:47.937000Z,0.281430379551,1.06480826511,3.3,33366,SGC2018yyczk_69982,1
2021-04-04T01:45:08.855000Z,0.301763059038,1.11300957795,3.01,33412,SGC2018yyczk_67417,1
2021-04-08T21:47:22.819000Z,0.218888623501,1.28075181465,3.22,33460,SGC2018yyczk_53066,1
2021-04-11T01:20:22.833000Z,1.97220567379,1.27850730507,3.12,33474,SGC2018yyczk_62486,1
2021-04-11T16:06:18.885000Z,0.472080576239,1.10057304961,3.76,33478,SGC2018yyczk_53066,1
2021-04-17T02:53:47.965000Z,0.23295864959,1.08325383475,3.73,33533,SGC2018yyczk_56808,1
2021-04-17T05:26:13.844000Z,1.5266910962,0.694952415863,3.07,33536,SGC2018yyczk_45482,1
2021-04-17T09:17:33.166000Z,0.226020551915,1.08413613472,3.9,33538,SGC2018yyczk_69982,1
2021-04-18T12:28:50.474000Z,0.168842202759,1.10656556808,3.28,33553,SGC2018yyczk_69982,1
2021-04-19T21:20:34.170000Z,0.228475993022,1.27528800031,3.58,33569,SGC2018yyczk_47863,1
2021-04-22T14:08:17.911000Z,0.27051542302,1.12039645641,3.3,33580,SGC2018yyczk_69982,1
2021-04-23T17:05:53.151000Z,0.343779547052,0.653626362091,4.1,33587,SGC2018yyczk_56808,1
2021-04-25T03:09:45.835000Z,0.379052294546,0.956630416387,3.08,33599,SGC2018yyczk_55024,1
2021-04-26T08:49:34.358000Z,0.438812348519,1.21253335987,3.86,33623,SGC2018yyczk_67417,1
2021-05-01T22:11:17.056000Z,0.226020551915,1.08413613472,3.06,33660,SGC2018yyczk_69982,1
2021-05-03T09:03:29.805000Z,0.166685665502,0.399790622168,3.79,33680,SGC2018yyczk_34942,1
2021-05-03T17:40:07.332000Z,0.276242211984,1.11985847439,3.28,33686,SGC2018yyczk_69982,1
2021-05-04T16:08:10.222000Z,0.200434831061,1.12784145388,4.09,33697,SGC2018yyczk_57470,1
2021-05-09T12:20:55.922000Z,0.270182238356,1.17896383737,3.17,33743,SGC2018yyczk_53066,1
